Player,Team,Score,Age
Nick Woltemade,Werder Bremen,61.46827398364555,22
Georginio Rutter,Leeds United,60.525595442985555,22
Moussa Diaby,Aston Villa,60.09038188798108,24
Brian Brobbey,Ajax,59.67365075098369,22
Reda Khadra,Reims,59.096038607088666,22
Evanilson,Porto,57.7243365743276,24
Mohammed Daramy,Reims,57.707491770452954,22
Matthis Abline,Nantes,57.39732253387428,21
Manfred Ugalde,Twente,57.29591103082733,21
Vitinha,Marseille,57.25858043251169,24
Yira Sor,Genk,57.24881845729913,23
Justin Njinmah,Werder Bremen,57.13431452534176,23
Charles De Ketelaere,Atalanta,57.11102237318661,23
Darwin Núñez,Liverpool,56.760277382857055,24
Rodrigo Varanda,América (MG),56.69191227360697,20
Giacomo Raspadori,Napoli,56.33829826090159,24
Lucas Beltrán,River Plate,55.83934892022064,21
Dion Drena Beljo,Augsburg,55.79259963834645,22
Dion Moise Sahi,Strasbourg,55.63474346168055,22
Josh Sargent,Norwich City,55.58570768717129,24
