Player,Team,Score,Age
Brian Brobbey,Ajax,65.82159683615404,22
Andi Zeqiri,Genk,63.863746097679254,24
Ayase Ueda,Feyenoord,62.90484342263965,25
Simon Banza,Braga,62.56050823283381,27
Cristhian Stuani,Girona,62.257353028232025,37
Callum Wilson,Newcastle Utd,61.970904429119265,32
Chuba Akpom,Ajax,61.33586796234168,28
Santiago Giménez,Feyenoord,61.06758152308605,23
Loïs Openda,RB Leipzig,60.94825358231662,24
Tolu Arokodare,Genk,60.790649893611835,23
Ion Nicolaescu,Heerenveen,60.686068287071365,25
Lebo Mothiba,Strasbourg,60.55141163816766,28
Mohamed El Amine Amoura,Union SG,60.28455652488306,23
Luis Vázquez,Anderlecht,59.378708392315154,23
Bas Dost,NEC Nijmegen,58.909890129144905,34
Darwin Núñez,Liverpool,58.782364349064544,24
Sylla Sow,Go Ahead Eag,58.110762256012045,27
Elijah Adebayo,Luton Town,58.024911269288815,26
Artem Dovbyk,Girona,57.71933203824371,26
Luuk de Jong,PSV Eindhoven,57.601848631636,33
