Player,Team,Score,Age
Brian Brobbey,Ajax,65.82159683615404,22
Andi Zeqiri,Genk,63.863746097679254,24
Ayase Ueda,Feyenoord,62.90484342263965,25
Simon Banza,Braga,62.56050823283381,27
George Ilenikhena,Antwerp,61.383571638713796,17
Chuba Akpom,Ajax,61.33586796234168,28
Santiago Giménez,Feyenoord,61.06758152308605,23
Loïs Openda,RB Leipzig,60.94825358231662,24
Tolu Arokodare,Genk,60.790649893611835,23
Ion Nicolaescu,Heerenveen,60.686068287071365,25
Lebo Mothiba,Strasbourg,60.55141163816766,28
Mohamed El Amine Amoura,Union SG,60.28455652488306,23
Luis Vázquez,Anderlecht,59.378708392315154,23
Darwin Núñez,Liverpool,58.782364349064544,24
Mohamed Sankoh,Heracles Almelo,58.326982936107946,20
Sylla Sow,Go Ahead Eag,58.110762256012045,27
Elijah Adebayo,Luton Town,58.024911269288815,26
Artem Dovbyk,Girona,57.71933203824371,26
Toni Martínez,Porto,57.14926835784639,26
Viktor Gyökeres,Sporting CP,56.873090198020826,25
